{
  "0.0": {
    "precision": 0.6893939393939394,
    "recall": 0.883495145631068,
    "f1-score": 0.774468085106383,
    "support": 412.0
  },
  "1.0": {
    "precision": 0.625,
    "recall": 0.32786885245901637,
    "f1-score": 0.43010752688172044,
    "support": 244.0
  },
  "accuracy": 0.676829268292683,
  "macro avg": {
    "precision": 0.6571969696969697,
    "recall": 0.6056819990450422,
    "f1-score": 0.6022878059940517,
    "support": 656.0
  },
  "weighted avg": {
    "precision": 0.6654425351071693,
    "recall": 0.676829268292683,
    "f1-score": 0.6463827555228195,
    "support": 656.0
  }
}