{
  "0.0": {
    "precision": 0.6989898989898989,
    "recall": 0.8398058252427184,
    "f1-score": 0.762954796030871,
    "support": 412.0
  },
  "1.0": {
    "precision": 0.5900621118012422,
    "recall": 0.38934426229508196,
    "f1-score": 0.4691358024691358,
    "support": 244.0
  },
  "accuracy": 0.6722560975609756,
  "macro avg": {
    "precision": 0.6445260053955706,
    "recall": 0.6145750437689002,
    "f1-score": 0.6160452992500034,
    "support": 656.0
  },
  "weighted avg": {
    "precision": 0.6584740757063132,
    "recall": 0.6722560975609756,
    "f1-score": 0.6536684630597378,
    "support": 656.0
  }
}