{
  "0.0": {
    "precision": 0.6994106090373281,
    "recall": 0.8640776699029126,
    "f1-score": 0.7730727470141151,
    "support": 412.0
  },
  "1.0": {
    "precision": 0.6190476190476191,
    "recall": 0.3729508196721312,
    "f1-score": 0.46547314578005117,
    "support": 244.0
  },
  "accuracy": 0.6814024390243902,
  "macro avg": {
    "precision": 0.6592291140424735,
    "recall": 0.6185142447875218,
    "f1-score": 0.6192729463970832,
    "support": 656.0
  },
  "weighted avg": {
    "precision": 0.6695194969070095,
    "recall": 0.6814024390243902,
    "f1-score": 0.6586607002136401,
    "support": 656.0
  }
}