{
  "0.0": {
    "precision": 0.6902485659655831,
    "recall": 0.8762135922330098,
    "f1-score": 0.772192513368984,
    "support": 412.0
  },
  "1.0": {
    "precision": 0.6165413533834586,
    "recall": 0.3360655737704918,
    "f1-score": 0.4350132625994695,
    "support": 244.0
  },
  "accuracy": 0.6753048780487805,
  "macro avg": {
    "precision": 0.6533949596745209,
    "recall": 0.6061395830017507,
    "f1-score": 0.6036028879842268,
    "support": 656.0
  },
  "weighted avg": {
    "precision": 0.6628330783588173,
    "recall": 0.6753048780487805,
    "f1-score": 0.6467782798510548,
    "support": 656.0
  }
}